hospitalID,expenditure,efficiency
1,18143,0.005390509
2,18143,0.005390509
3,22785,0.004318631
4,15842,0.006211337
5,22785,0.004318631
6,15842,0.006211337
7,20886,0.004696926
8,19092,0.004865912
9,20886,0.004696926
10,19092,0.004865912
11,20886,0.004696926
12,19092,0.004865912
13,17981,0.005466882
14,20895,0.004666188
15,13169,0.007001291
16,20895,0.004666188
17,13169,0.007001291
18,15517,0.006218986
19,19338,0.005031544
20,18242,0.005383182
21,13283,0.007377851
22,15789,0.00611185
23,15584,0.006172998
24,17448,0.005335855
25,19716,0.004245283
26,19716,0.004245283
27,19050,0.005223097
28,18019,0.005544148
29,20286,0.004880213
30,18891,0.005235297
31,25352,0.003837962
32,19668,0.005038641
33,17076,0.005621926
34,17928,0.005455154
35,17076,0.005621926
36,17928,0.005455154
37,18137,0.005447428
38,21776,0.00438097
39,20127,0.004869081
40,20844,0.004730378
41,18508,0.005305814
42,19969,0.004867545
43,19715,0.004833883
44,18456,0.00520156
45,17416,0.005391594
46,14156,0.006675615
47,21527,0.004487388
48,17416,0.005391594
49,14156,0.006675615
50,21527,0.004487388
51,17416,0.005391594
52,14156,0.006675615
53,21527,0.004487388
54,14336,0.0066476
55,17763,0.004892192
56,18526,0.005138724
57,20704,0.004477396
58,19740,0.004934144
59,18653,0.005227041
60,16883,0.005715809
61,17537,0.005462736
62,20392,0.004805806
63,20178,0.00471801
64,20392,0.004805806
65,20178,0.00471801
66,16946,0.005824383
67,18690,0.005232745
68,17629,0.005343468
69,15441,0.006100641
70,20633,0.004735133
71,21486,0.00447268
72,17265,0.005624095
73,21054,0.004687945
74,19171,0.005184915
75,23093,0.004196077
76,18672,0.004970009
77,21163,0.004588196
78,20346,0.004792097
79,18968,0.0050717
80,19564,0.004860969
81,18060,0.005492802
82,19265,0.005112899
83,18060,0.005492802
84,19265,0.005112899
85,19417,0.004969872
86,20249,0.004839745
87,19778,0.004909495
88,18641,0.004806609
89,13931,0.006539373
90,16830,0.005626857
91,17010,0.005737801
92,13653,0.007097341
93,17638,0.005397437
94,14253,0.006882762
95,17638,0.005397437
96,14253,0.006882762
97,17880,0.005419463
98,20672,0.004740712
99,19454,0.005042665
100,20672,0.004740712
101,19454,0.005042665
102,17734,0.005543025
103,17734,0.005543025
104,16009,0.005971641
105,16009,0.005971641
106,17122,0.005787875
107,19445,0.004988429
108,18440,0.005357918
109,19842,0.004994456
110,19757,0.005031128
111,19842,0.004994456
112,19757,0.005031128
113,18017,0.0053061
114,17216,0.005657528
115,16417,0.005951148
116,16897,0.005793928
117,13823,0.006670043
118,16260,0.005817958
119,14713,0.006653979
120,14367,0.006675019
121,17327,0.005453916
122,19210,0.005039042
123,19557,0.004780897
124,18198,0.005313771
125,19557,0.004780897
126,18198,0.005313771
127,17766,0.005499268
128,15863,0.00622833
129,13276,0.00731395
130,16180,0.005859085
131,19035,0.004990806
132,15583,0.006224732
133,12225,0.008122699
134,15145,0.006470782
135,13088,0.007121027
136,18428,0.005258303
137,12754,0.00775443
138,13436,0.006638881
139,16363,0.00593412
140,14970,0.006386106
141,16415,0.005708194
142,16296,0.005952381
143,13833,0.006665221
144,19408,0.004972176
145,17021,0.005792844
146,19571,0.004782586
147,19065,0.005177026
148,20135,0.004936677
149,14396,0.006737983
150,13407,0.006765123
151,15595,0.005553062
152,16153,0.006054603
153,14431,0.006693923
154,16917,0.005840279
155,18464,0.005350953
156,16941,0.005761171
157,16536,0.00549105
158,16939,0.005448964
159,15797,0.006165728
160,16580,0.005747889
161,15276,0.006441477
162,17622,0.005527182
163,19562,0.005025049
164,18280,0.005328228
165,22576,0.004292169
166,19113,0.005069848
167,22358,0.004249038
168,20125,0.004829814
169,22684,0.004179157
170,18513,0.005380003
171,22684,0.004179157
172,18513,0.005380003
173,24368,0.004021668
174,16958,0.00584385
175,23762,0.004191566
176,16958,0.00584385
177,23762,0.004191566
178,20622,0.004786151
179,21107,0.004714076
180,22216,0.004348218
181,20136,0.004762614
182,20811,0.0047571
183,19878,0.004945166
184,19497,0.005041801
185,19497,0.005041801
186,18153,0.005023963
187,16483,0.005903052
188,18552,0.00529862
189,17219,0.005499739
190,16100,0.006043478
191,18771,0.005210165
192,20056,0.00487136
193,16443,0.005905248
194,17936,0.005396967
195,14749,0.006285172
196,18143,0.00545665
197,16133,0.005900948
198,19488,0.005018473
199,15261,0.006277439
200,19365,0.00511748
201,18856,0.005016971
202,16031,0.005745119
203,17280,0.005763889
204,17436,0.005609085
205,17630,0.005536018
206,17604,0.005544195
207,17284,0.005079843
208,17483,0.005348052
209,15684,0.00627391
210,15122,0.006308689
211,22368,0.00432314
212,14422,0.006316738
213,17412,0.005507696
214,15285,0.006130193
215,20785,0.004551359
216,17716,0.005458343
217,16350,0.005914373
218,20674,0.00474509
219,19579,0.00501047
220,22029,0.004480458
221,19212,0.005048928
222,17334,0.005526711
223,18369,0.005242528
224,15404,0.006407427
225,16761,0.005864805
226,18716,0.005273563
227,20774,0.004722249
228,17453,0.005615081
229,20774,0.004722249
230,17453,0.005615081
231,20774,0.004722249
232,17453,0.005615081
233,18978,0.005206028
234,17000,0.005752941
235,19629,0.005038463
236,16494,0.005929429
237,15711,0.00576666
238,17071,0.005652862
239,19367,0.004982703
240,16955,0.005697434
241,19367,0.004982703
242,16955,0.005697434
243,21665,0.004541888
244,18679,0.005246534
245,18679,0.005246534
246,19955,0.004926084
247,16541,0.005936763
248,16900,0.005319527
249,18561,0.005231399
250,19945,0.004918526
251,16157,0.005867426
252,19096,0.005126728
253,17547,0.005499516
254,21928,0.004460051
255,20575,0.004743621
256,21928,0.004460051
257,20575,0.004743621
258,15579,0.006239168
259,17580,0.005500569
260,18253,0.005412809
261,18057,0.005510328
262,19178,0.005177808
263,19173,0.00511657
264,18282,0.005344054
265,20044,0.004844342
266,19648,0.005023412
267,18715,0.005209725
268,20513,0.004792083
269,18496,0.005211938
270,18480,0.005281385
271,19250,0.005054545
272,20604,0.00467385
273,19754,0.004945834
274,24108,0.004040153
275,23568,0.004132722
276,24108,0.004040153
277,23568,0.004132722
278,20340,0.004773845
279,22071,0.004476462
280,20340,0.004773845
281,22071,0.004476462
282,18765,0.005222489
283,19634,0.004960782
284,18495,0.005233847
285,22094,0.004480855
286,21401,0.004560535
287,20854,0.004766472
288,19537,0.005016123
289,20346,0.004767522
290,19198,0.005104698
291,16627,0.0060083
292,19991,0.004997249
293,19991,0.004997249
294,18685,0.005250201
295,18578,0.005355797
296,20050,0.004932668
297,19299,0.005083165
298,20318,0.004887292
299,18366,0.005325057
300,19548,0.004972376
301,19741,0.004999747
302,18095,0.005349544
303,18481,0.00522699
304,21633,0.004419174
305,21063,0.004576746
306,17832,0.005467699
307,17924,0.004814773
308,20365,0.003992143
309,18753,0.005183171
310,18686,0.005233865
311,18418,0.00523944
312,17620,0.005550511
313,20026,0.004978528
314,17585,0.005595678
315,22782,0.004248968
316,17414,0.005575973
317,20001,0.004919754
318,18261,0.005399485
319,18213,0.005424697
320,19216,0.005136345
321,17281,0.005757769
322,16721,0.005872854
323,16071,0.006160164
324,18716,0.005188074
325,13206,0.007466303
326,19254,0.005017139
327,17794,0.005518714
328,17384,0.005545329
329,17154,0.005677976
330,16851,0.005833482
331,19777,0.004874349
332,19587,0.005064584
333,16319,0.005962375
334,20583,0.004770927
335,19993,0.004976742
336,20090,0.004952713
337,17995,0.005395943
338,16538,0.00588342
339,18765,0.00521716
340,18298,0.005399497
341,19067,0.005186972
342,21228,0.004597701
343,21023,0.004642534
344,19829,0.004967472
345,20755,0.004760299
346,19504,0.005039992
347,18952,0.005049599
348,17728,0.005561823
349,17180,0.005820722
350,15257,0.006023465
351,15633,0.006326361
352,20771,0.00468923
353,18361,0.005435434
354,17337,0.005612274
355,18188,0.005498131
356,15789,0.006029514
357,14732,0.006367092
358,14259,0.006711551
359,15797,0.006317655
360,16569,0.005842236
361,16873,0.005784389
362,15303,0.006417042
363,18932,0.005118318
364,18448,0.005371856
365,17193,0.00543826
366,13387,0.007328005
367,18520,0.005323974
368,15747,0.006217057
369,15668,0.006254787
370,18703,0.005197027
371,19744,0.004912885
372,18703,0.005197027
373,19744,0.004912885
374,18603,0.005219588
375,16859,0.005842577
376,14138,0.006959966
377,13789,0.007114367
378,17928,0.0055444
379,19029,0.005134269
380,17928,0.0055444
381,19029,0.005134269
382,16071,0.005905046
383,17158,0.005641683
384,16071,0.005905046
385,17158,0.005641683
386,19015,0.005143308
387,19009,0.005092325
388,19015,0.005143308
389,19009,0.005092325
390,16498,0.005582495
391,17858,0.005375742
392,18535,0.005206366
393,13232,0.007285369
394,16575,0.005972851
395,12878,0.007617642
396,19425,0.005014157
397,17469,0.005632835
398,15308,0.006467207
399,19717,0.005066694
400,19717,0.005066694
401,15390,0.006322287
402,16612,0.00589935
403,19167,0.005154693
404,22022,0.004468259
405,17313,0.00568359
406,18515,0.005266001
407,15771,0.006163211
408,16856,0.005671571
409,13891,0.00704053
410,17164,0.005703799
411,19100,0.005141361
412,20687,0.004790448
413,21110,0.004647087
414,18134,0.005393184
415,18134,0.005393184
416,18124,0.005401677
417,21327,0.004595114
418,17777,0.005377735
419,18606,0.005288617
420,15768,0.006177067
421,19185,0.005040396
422,16775,0.005722802
423,16116,0.006099528
424,16953,0.005804282
425,19485,0.005080831
426,18118,0.005480737
427,17164,0.005744582
428,17798,0.005511855
429,18004,0.005409909
430,19024,0.005214466
431,15314,0.006170824
432,18180,0.005462046
433,17590,0.005594088
434,23170,0.004264135
435,18750,0.005306667
436,18263,0.005415321
437,15351,0.006142922
438,14478,0.006637657
439,15669,0.006267152
440,18155,0.005408978
441,14980,0.006648865
442,15613,0.006148722
443,17405,0.00556162
444,16259,0.006064334
445,16644,0.005803893
446,18226,0.005195874
447,18449,0.005344463
448,19396,0.005078367
449,18201,0.005208505
450,15094,0.006532397
451,20497,0.004859248
452,16272,0.006010324
453,17729,0.005482543
454,16966,0.005770364
455,16454,0.00580406
456,15409,0.006372899
457,16217,0.005876549
458,17717,0.005570921
459,18551,0.005261172
460,21182,0.004669059
461,16307,0.005739866
462,18115,0.005365719
463,15544,0.005802882
464,19841,0.004798145
465,17653,0.005449499
466,19657,0.004827797
467,20522,0.004692525
468,20805,0.004575823
469,19530,0.005023041
470,18610,0.005298227
471,21707,0.004579168
472,19335,0.005120248
473,21126,0.004709836
474,17000,0.005594118
475,23154,0.004228211
476,15345,0.006484197
477,18321,0.00542001
478,18168,0.005416116
479,19799,0.004974999
480,17484,0.005587966
481,13564,0.007062813
482,17525,0.005569187
483,16530,0.005837871
484,18572,0.005319836
485,14176,0.006828442
486,16677,0.005816394
487,21317,0.004630107
488,21755,0.004472535
489,21078,0.004706329
490,18132,0.005482021
491,19622,0.004984201
492,17867,0.005529748
493,18140,0.005441014
494,18457,0.005206697
495,16786,0.0058799
496,15021,0.006464283
497,14842,0.006724161
498,19081,0.00507835
499,18446,0.005350754
500,17526,0.005603104
501,15406,0.006263793
502,18088,0.005445599
503,17065,0.005484911
504,20488,0.004832097
505,20329,0.004909243
506,19985,0.004793595
507,19564,0.004881415
508,18244,0.005311335
509,19465,0.005039815
510,17197,0.005774263
511,19119,0.005083948
512,20387,0.004870751
513,21217,0.004675496
514,17589,0.005492069
515,17188,0.005684198
516,15815,0.005867847
517,18485,0.005307006
518,17681,0.005378655
519,17227,0.00565972
520,16970,0.005798468
521,16489,0.005737158
522,18817,0.004952968
523,18865,0.005009276
524,16516,0.005624849
525,18590,0.005147929
526,23795,0.004093297
527,22173,0.004126641
528,20329,0.004761671
529,22566,0.004418151
530,19813,0.004789784
531,22566,0.004418151
532,19813,0.004789784
533,18294,0.005378813
534,15663,0.006103556
535,19316,0.004980327
536,14584,0.006527702
537,15062,0.006552915
538,16601,0.005668333
539,17625,0.005344681
540,17783,0.004813586
541,17479,0.005492305
542,18804,0.0049883
543,19919,0.004799438
544,18804,0.0049883
545,19919,0.004799438
546,18239,0.005334722
547,14351,0.006689429
548,16183,0.006098993
549,17862,0.005531295
550,15762,0.006109631
551,20189,0.004824409
552,17273,0.005731488
553,20084,0.004979088
554,14497,0.006725529
555,15630,0.006378759
556,15153,0.006460767
557,17484,0.0054221
558,21829,0.004439049
559,19978,0.004890379
560,18296,0.00542195
561,20076,0.004911337
562,17368,0.005228006
563,17427,0.005600505
564,14196,0.007009017
565,15040,0.005777926
566,14612,0.00665891
567,16127,0.005971352
568,16284,0.006048882
569,19293,0.005064013
570,16892,0.005843003
571,21633,0.004562474
572,18001,0.005383034
573,21633,0.004562474
574,18001,0.005383034
575,15495,0.006060019
576,16107,0.006158813
577,16107,0.006158813
578,20778,0.00480797
579,19791,0.004759739
580,20083,0.00480008
581,20973,0.004710819
582,17043,0.005685619
583,18753,0.005188503
584,17922,0.005133356
585,21369,0.004660957
586,21805,0.004434763
587,19388,0.00501341
588,21018,0.004748311
589,22502,0.004412941
590,21018,0.004748311
591,22502,0.004412941
592,21839,0.004299647
593,19328,0.005008278
594,18830,0.005305364
595,20283,0.004806981
596,18830,0.005305364
597,20283,0.004806981
598,20125,0.004829814
599,20498,0.004824861
600,16383,0.005878044
601,20690,0.004755921
602,20332,0.004682274
603,18925,0.005252312
604,16092,0.00607134
605,19752,0.00504759
606,19556,0.005001023
607,17522,0.005644333
608,16052,0.006167456
609,17233,0.005791215
610,19102,0.005224584
611,18749,0.005290949
612,20256,0.004887441
613,19044,0.005187986
614,19037,0.005226664
615,20140,0.004910626
616,19530,0.005079365
617,21284,0.004557414
618,22013,0.0044928
619,18410,0.005361217
620,21489,0.004453441
621,17919,0.005541604
622,18992,0.005133741
623,20481,0.004701919
624,20536,0.004436112
625,18649,0.005254973
626,19421,0.005102724
627,21540,0.00463324
628,16967,0.005893794
629,19531,0.005114945
630,16067,0.006217713
631,19446,0.005060167
632,14742,0.006674807
633,21593,0.004617237
634,21511,0.004616243
635,19779,0.00501542
636,18507,0.005376344
637,22800,0.004118421
638,21456,0.004506898
639,22800,0.004118421
640,21456,0.004506898
641,23308,0.004247469
642,21230,0.004686764
643,21230,0.004686764
644,19026,0.005213918
645,20382,0.004768914
646,20864,0.00476898
647,21645,0.004615385
648,20590,0.004832443
649,18791,0.005321697
650,21051,0.004712365
651,22218,0.004428841
652,21051,0.004712365
653,22218,0.004428841
654,23385,0.004246312
655,19433,0.005115011
656,20456,0.004854321
657,20292,0.00490341
658,19796,0.004940392
659,19642,0.005035129
660,20366,0.004870863
661,23490,0.004189017
662,20366,0.004870863
663,23490,0.004189017
664,19966,0.004958429
665,19163,0.005171424
666,19115,0.005200105
667,22029,0.004380589
668,20856,0.004775604
669,20597,0.004840511
670,19366,0.005132707
671,20826,0.00480169
672,20609,0.004847397
673,19258,0.005161491
674,18027,0.005464026
675,18915,0.005244515
676,19133,0.005059322
677,18862,0.005259251
678,23524,0.004080939
679,18134,0.005122973
680,22261,0.004393334
681,23506,0.004147877
682,18130,0.005333701
683,23263,0.004135322
684,19860,0.00490433
685,20747,0.004762134
686,21064,0.004733194
687,20114,0.004921945
688,20219,0.004827143
689,22539,0.004379076
690,21417,0.004641173
691,18376,0.005360253
692,18450,0.005067751
693,16687,0.005902799
694,18348,0.005406584
695,19875,0.004779874
696,18906,0.004887337
697,19998,0.004765477
698,19247,0.005096898
699,18312,0.005307995
700,19949,0.004997744
701,20169,0.00475978
702,19949,0.004997744
703,20169,0.00475978
704,18279,0.005240987
705,19533,0.004960836
706,19240,0.005109148
707,18575,0.005254374
708,21003,0.004699329
709,20485,0.004842568
710,16369,0.006078563
711,21511,0.004606945
712,21921,0.004516217
713,21369,0.004679676
714,18986,0.0051933
715,19310,0.004774728
716,21268,0.004476208
717,18557,0.005254082
718,19561,0.005096876
719,19273,0.0051004
720,19169,0.005206323
721,19011,0.005249592
722,20695,0.004827253
723,20640,0.004786822
724,19398,0.005108774
725,17138,0.005659937
726,19910,0.004972376
727,19952,0.004806536
728,19048,0.005228895
729,17726,0.005274738
730,20990,0.004759409
731,20028,0.004978031
732,15687,0.006374705
733,18548,0.00528898
734,18553,0.005212095
735,17934,0.005564849
736,15260,0.006526868
737,21036,0.004715725
738,19363,0.005071528
739,19763,0.005004301
740,19393,0.00514103
741,21535,0.004467147
742,18597,0.005275044
743,18602,0.005273626
744,16769,0.005700996
745,16769,0.005700996
746,15590,0.006247595
747,13176,0.007551609
748,17904,0.005456881
749,17468,0.005650332
750,22157,0.004432008
751,17468,0.005650332
752,22157,0.004432008
753,18752,0.005178114
754,19363,0.004937251
755,16590,0.005840868
756,15746,0.006287311
757,20067,0.00482384
758,21601,0.004481274
759,16963,0.005812651
760,15890,0.006154814
761,18692,0.004863043
762,19234,0.005074348
763,18832,0.00529418
764,14533,0.006874011
765,16336,0.005852106
766,14782,0.006710865
767,13152,0.007215633
768,19340,0.005005171
769,15450,0.006466019
770,20381,0.004872185
771,19085,0.005119204
772,20381,0.004872185
773,19085,0.005119204
774,21135,0.004627395
775,16922,0.005909467
776,17597,0.005580497
777,18566,0.005310783
778,17799,0.005573347
779,18915,0.005255089
780,19354,0.005022218
781,16785,0.005898123
782,19347,0.005122241
783,19709,0.004931757
784,17106,0.005413305
785,18030,0.005296728
786,19327,0.005075801
787,20117,0.004906298
788,22019,0.004496117
789,22019,0.004496117
790,21910,0.004427202
791,20318,0.004842996
792,18752,0.004676834
793,21471,0.004587583
794,16885,0.005786201
795,18421,0.005260301
796,16300,0.006018405
797,22050,0.004199546
798,19885,0.004978627
799,20044,0.004784474
800,19885,0.004978627
801,20044,0.004784474
802,14360,0.006552925
803,20278,0.004699675
804,14360,0.006552925
805,20278,0.004699675
806,20992,0.004716082
807,17794,0.005440036
808,19465,0.004983303
809,15239,0.006358685
810,15621,0.006241598
811,16489,0.00588271
812,15858,0.006198764
813,17761,0.005523338
814,16496,0.005910524
815,18418,0.005369747
816,16496,0.005910524
817,18418,0.005369747
818,19799,0.004995202
819,17357,0.00561733
820,16513,0.005238297
821,15864,0.005376954
822,21001,0.004690253
823,19509,0.004966938
824,21066,0.004623564
825,19028,0.005124028
826,17897,0.005498128
827,25696,0.003412983
828,20996,0.004710421
829,20428,0.00486587
830,21386,0.004568409
831,18907,0.00515682
832,19800,0.004939394
833,18432,0.005360243
834,21586,0.004484388
835,18764,0.005308037
836,19982,0.004904414
837,19433,0.004806257
838,17955,0.005296575
839,14671,0.006666212
840,15926,0.006027879
841,14431,0.006901809
842,19263,0.005071899
843,19921,0.004944531
844,16368,0.006109482
845,20088,0.004908403
846,14546,0.006586003
847,17699,0.005599186
848,19108,0.004997907
849,14935,0.006213592
850,18262,0.004993977
851,14935,0.006213592
852,18262,0.004993977
853,17222,0.005725235
854,19557,0.004867822
855,20144,0.004845115
856,19586,0.004835086
857,22210,0.0043629
858,19586,0.004835086
859,22210,0.0043629
860,19971,0.004992239
861,18329,0.005248513
862,20344,0.004748329
863,18329,0.005248513
864,20344,0.004748329
865,18329,0.005248513
866,20344,0.004748329
867,17056,0.005839587
868,15271,0.005821492
869,19402,0.005154108
870,16814,0.005917688
871,18249,0.005408516
872,20166,0.004919171
873,17078,0.005199672
874,18260,0.005345016
875,16975,0.005832106
876,15844,0.005983338
877,18348,0.004948768
878,20548,0.004594121
879,20886,0.004644259
880,19426,0.004931535
881,20548,0.004594121
882,20886,0.004644259
883,19426,0.004931535
884,20548,0.004594121
885,20886,0.004644259
886,19426,0.004931535
887,20852,0.004704585
888,17686,0.005416714
889,16369,0.005876963
890,17740,0.005405862
891,14542,0.006580938
892,17560,0.005529613
893,19030,0.005207567
894,21188,0.004667736
895,21005,0.004356106
896,18234,0.005160689
897,16841,0.005926014
898,16004,0.006204699
899,17762,0.005483617
900,20183,0.00494971
901,15503,0.006385861
902,18305,0.005452062
903,15882,0.006107543
904,15891,0.006280284
905,17761,0.005590901
906,17171,0.005602469
907,17761,0.005590901
908,17171,0.005602469
909,12227,0.008055942
910,18686,0.005335545
911,15170,0.006328279
912,16445,0.005643053
913,12793,0.007144532
914,19147,0.005139186
915,18396,0.005305501
916,19147,0.005139186
917,18396,0.005305501
918,19008,0.005061027
919,14939,0.005823683
920,18918,0.004989957
921,18332,0.005405848
922,17720,0.005332957
923,17747,0.005381191
924,18670,0.005190145
925,16648,0.005688371
926,16475,0.005960546
927,17575,0.005450925
928,16742,0.005746028
929,17140,0.005653442
930,17341,0.00571478
931,19836,0.00497076
932,15093,0.006413569
933,17405,0.005458202
934,15788,0.00618191
935,19544,0.00496316
936,18477,0.005406722
937,18824,0.005168933
938,21430,0.004531031
939,21070,0.004665401
940,20527,0.004827788
941,20473,0.004708641
942,16605,0.005974104
943,16353,0.00606005
944,16294,0.006106542
945,15798,0.006247626
946,16516,0.005891257
947,19604,0.004937768
948,14726,0.006661687
949,17407,0.005601195
950,19604,0.005060192
951,22562,0.004166297
952,21614,0.004520218
953,18919,0.005063693
954,19044,0.005093468
955,18919,0.005063693
956,19044,0.005093468
957,18692,0.005258934
958,17120,0.005648364
959,15815,0.006044894
960,14402,0.005783919
961,17834,0.005422227
962,16869,0.005744265
963,20419,0.004779862
964,17360,0.005691244
965,19674,0.005047271
966,18804,0.005174431
967,19786,0.004846861
968,19499,0.005061798
969,21224,0.004593856
970,20230,0.004804745
971,20076,0.004791791
972,19639,0.005030806
973,19942,0.004949353
974,19976,0.004895875
975,20214,0.004902543
976,19846,0.004958178
977,18408,0.00531834
978,19846,0.004958178
979,18408,0.00531834
980,20216,0.004862485
981,18884,0.005216056
982,19931,0.004921981
983,18840,0.005191083
984,20116,0.004916484
985,19025,0.005072273
986,17197,0.005628889
987,19244,0.005144461
988,19495,0.0050218
989,18378,0.005207313
990,18682,0.005277808
991,20380,0.004774289
992,18964,0.005204598
993,21056,0.004597264
994,18387,0.005275466
995,18387,0.005275466
996,22231,0.004255319
997,18963,0.00523124
998,21030,0.004526866
999,17044,0.005855433
1000,16244,0.006032997
1001,21080,0.004596774
1002,21269,0.00467817
1003,16372,0.005918642
1004,17641,0.004914687
1005,16921,0.005815259
1006,19374,0.005125426
1007,14563,0.006523381
1008,19585,0.004825121
1009,21166,0.004672588
1010,17441,0.005659079
1011,18428,0.005323421
1012,16688,0.005746644
1013,19916,0.004895561
1014,16466,0.005951658
1015,17774,0.005226736
1016,17379,0.005489384
1017,19720,0.004863083
1018,22107,0.004460126
1019,21581,0.004541031
1020,22107,0.004460126
1021,21581,0.004541031
1022,20868,0.004700978
1023,19611,0.004900311
1024,20423,0.004798511
1025,18885,0.005236961
1026,16686,0.00568141
1027,18382,0.005353063
1028,18067,0.005335695
1029,17568,0.005606785
1030,19195,0.005074238
1031,21211,0.00466739
1032,21390,0.004642356
1033,21636,0.004538732
1034,18499,0.005308395
1035,19883,0.004747774
1036,18641,0.005310874
1037,18338,0.005207765
1038,19713,0.005001775
1039,19713,0.005001775
1040,17308,0.005696788
1041,18724,0.005196539
1042,18916,0.005127934
1043,20203,0.004860664
1044,20203,0.004860664
1045,18503,0.005382911
1046,14806,0.006477104
1047,16918,0.005503015
1048,18840,0.005249469
1049,18902,0.005142313
1050,19586,0.004988257
1051,19159,0.005104651
1052,19586,0.004988257
1053,19159,0.005104651
1054,15352,0.006220688
1055,20350,0.004776413
1056,17755,0.005485779
1057,18314,0.005329256
1058,18721,0.005111906
1059,19117,0.005210022
1060,17502,0.005650783
1061,22830,0.004253176
1062,17073,0.005628771
1063,19476,0.005021565
1064,19733,0.004885218
1065,20982,0.004708798
1066,17643,0.00539024
1067,20239,0.004733435
1068,20239,0.004733435
1069,21400,0.004556075
1070,18418,0.005310023
1071,18418,0.005310023
1072,20284,0.004890554
1073,20235,0.004907339
1074,20964,0.004612669
1075,16474,0.005875926
1076,20762,0.004710529
1077,16474,0.005875926
1078,20762,0.004710529
1079,19383,0.005148842
1080,18205,0.005394122
1081,17656,0.00562415
1082,19846,0.004958178
1083,20639,0.004685305
1084,19203,0.005139822
1085,18550,0.005336927
1086,19474,0.005047756
1087,19474,0.005047756
1088,18217,0.005461931
1089,15834,0.006271315
1090,19212,0.005121799
1091,14198,0.007029159
1092,14436,0.006913272
1093,14291,0.006927437
1094,15092,0.006480254
1095,17965,0.005432786
1096,21151,0.004638079
1097,21151,0.004638079
1098,16405,0.006089607
1099,19453,0.005017221
1100,19453,0.005017221
1101,19288,0.004987557
1102,17166,0.005720611
1103,18327,0.005309107
1104,18186,0.005168811
1105,18727,0.005206387
1106,20417,0.004652985
1107,17398,0.005621336
1108,15863,0.006007691
1109,17835,0.005562097
1110,19509,0.005048952
1111,14829,0.006574954
1112,17688,0.005563094
1113,20248,0.004830107
1114,20154,0.0049221
1115,20154,0.0049221
1116,19100,0.00465445
1117,18499,0.005178658
1118,19426,0.004936683
1119,19127,0.005191614
1120,19409,0.00501829
1121,20252,0.00478965
1122,21046,0.004599449
1123,20252,0.00478965
1124,21046,0.004599449
1125,14519,0.006398512
1126,20397,0.004775212
1127,19380,0.0049742
1128,17496,0.005509831
1129,18651,0.005093561
1130,17551,0.005538146
1131,18651,0.005093561
1132,17551,0.005538146
1133,20696,0.004788365
1134,19495,0.005078225
1135,19495,0.005078225
1136,18571,0.005368585
1137,20052,0.004907241
1138,17695,0.005600452
1139,20873,0.004594452
1140,19690,0.004951752
1141,18744,0.005174989
1142,17502,0.005627928
1143,17815,0.00541117
1144,18316,0.005372352
1145,18059,0.005293759
1146,20138,0.004851524
1147,20668,0.004760983
1148,20138,0.004851524
1149,20668,0.004760983
1150,20138,0.004851524
1151,20668,0.004760983
1152,20172,0.004684711
1153,18584,0.005348687
1154,21038,0.004643978
1155,20467,0.004832169
1156,19342,0.005087375
1157,19084,0.004977992
1158,19649,0.005007888
1159,20140,0.004955313
1160,20140,0.004955313
1161,18539,0.005183667
1162,17376,0.005657228
1163,17020,0.005746181
1164,20624,0.00447052
1165,17304,0.005628756
1166,18335,0.005012272
1167,19998,0.004910491
1168,20044,0.004694672
1169,18974,0.00513334
1170,15329,0.005792941
1171,20012,0.004822107
1172,17132,0.005381742
1173,17722,0.005546778
1174,15584,0.006224333
1175,15419,0.006252027
1176,16863,0.00580561
1177,16304,0.005888126
1178,17755,0.005153478
1179,18021,0.00531602
1180,19505,0.004967957
1181,18412,0.005355203
1182,14336,0.006835938
1183,19006,0.005166789
1184,15047,0.00650628
1185,16341,0.006040022
1186,18320,0.005338428
1187,14358,0.006588661
1188,17928,0.005471888
1189,16262,0.005903333
1190,15254,0.006306543
1191,16769,0.00579641
1192,15438,0.006347973
1193,17960,0.005378619
1194,17579,0.005682917
1195,15224,0.006332107
1196,19789,0.004830967
1197,21062,0.004572215
1198,15369,0.006422018
1199,19239,0.005130204
1200,20459,0.00478518
1201,19239,0.005130204
1202,20459,0.00478518
1203,19268,0.005112103
1204,15426,0.006281602
1205,18610,0.005314347
1206,18312,0.005182394
1207,16017,0.006024849
1208,14833,0.006681049
1209,19036,0.005106115
1210,15140,0.006056803
1211,17107,0.005664348
1212,22046,0.004318244
1213,18818,0.005287491
1214,14431,0.006811725
1215,15104,0.00650821
1216,14203,0.006745054
1217,19756,0.004889654
1218,19573,0.004971134
1219,11326,0.007672612
1220,19573,0.004971134
1221,11326,0.007672612
1222,15771,0.006099803
1223,17727,0.005432391
1224,16907,0.005743183
1225,17630,0.00546228
1226,19110,0.005102041
1227,19936,0.00491573
1228,17690,0.005370266
1229,16319,0.005956247
1230,16779,0.005405566
1231,16640,0.005715144
1232,17264,0.005728684
1233,16640,0.005715144
1234,17264,0.005728684
1235,16143,0.006132689
1236,18127,0.005362167
1237,16143,0.006132689
1238,18127,0.005362167
1239,16520,0.005914044
1240,18480,0.005162338
1241,17209,0.005671451
1242,16393,0.005770756
1243,15553,0.006346043
1244,17135,0.005649256
1245,18465,0.005258597
1246,16689,0.005950027
1247,14084,0.007007952
1248,18975,0.005196311
1249,19255,0.005131135
1250,16567,0.005945554
1251,20065,0.004904062
1252,18271,0.005330852
1253,18365,0.005309012
1254,18271,0.005330852
1255,18365,0.005309012
1256,18801,0.005116749
1257,16671,0.00596245
1258,17018,0.005717476
1259,17892,0.005427006
1260,18341,0.005250532
1261,17368,0.00569438
1262,16960,0.005866745
1263,17376,0.005553637
1264,17376,0.005553637
1265,17658,0.005561219
1266,16975,0.005767305
1267,19951,0.004912034
1268,18526,0.005284465
1269,19260,0.004994808
1270,20073,0.004897125
1271,19340,0.005
1272,20073,0.004897125
1273,19340,0.005
1274,20629,0.004731204
1275,18332,0.005405848
1276,18936,0.005148923
1277,17205,0.005539087
1278,15678,0.006110473
1279,17294,0.005551058
1280,16986,0.005751796
1281,17260,0.005446118
1282,18374,0.005377163
1283,18328,0.005319729
1284,18374,0.005377163
1285,18328,0.005319729
1286,15303,0.005992289
1287,15595,0.006361013
1288,16085,0.00603668
1289,12812,0.006650016
1290,16534,0.00589694
1291,17197,0.005634704
1292,20878,0.004641249
1293,16651,0.005897544
1294,20436,0.004839499
1295,20494,0.004635503
1296,19428,0.005059708
1297,19324,0.005133513
1298,15872,0.006237399
1299,15246,0.006316411
1300,15776,0.00630071
1301,16034,0.006186853
1302,20162,0.004880468
1303,15978,0.006183502
1304,20162,0.004880468
1305,15978,0.006183502
1306,19163,0.005124459
1307,20568,0.004788993
1308,14382,0.006786261
1309,17371,0.005710667
1310,18283,0.005343762
1311,16710,0.005876721
1312,18283,0.005343762
1313,16710,0.005876721
1314,20302,0.004817259
1315,17745,0.005607213
1316,18073,0.005411387
1317,19521,0.00497413
1318,13792,0.007178074
1319,14667,0.006606668
1320,14312,0.006728619
1321,14526,0.006505576
1322,14995,0.006528843
1323,16413,0.005940413
1324,14548,0.006860049
1325,19060,0.005194124
1326,17609,0.005548299
1327,18806,0.005189833
1328,17609,0.005548299
1329,18806,0.005189833
1330,17639,0.005544532
1331,17120,0.005689252
1332,14200,0.00693662
1333,17217,0.005726898
1334,15283,0.006392724
1335,16105,0.006184415
1336,13717,0.007261063
1337,15325,0.006473083
1338,17674,0.005448682
1339,20012,0.004932041
1340,18065,0.00538057
1341,19263,0.005014795
1342,18609,0.005255522
1343,16373,0.006040432
1344,16845,0.005859305
1345,20944,0.004750764
1346,22090,0.004391127
1347,14518,0.006743353
1348,12189,0.007777504
1349,15118,0.005999471
1350,20784,0.004652617
1351,20621,0.004694244
1352,20784,0.004652617
1353,20621,0.004694244
1354,20784,0.004652617
1355,20621,0.004694244
1356,22402,0.004343362
1357,14463,0.006457858
1358,17843,0.005408283
1359,15714,0.006204658
1360,13761,0.006881767
1361,15589,0.006158188
1362,18840,0.00522293
1363,20433,0.004747223
1364,14387,0.006749149
1365,13830,0.006912509
1366,16658,0.005294753
1367,16196,0.005735984
1368,13343,0.007262235
1369,17096,0.005820075
1370,17096,0.005820075
1371,15893,0.005977474
1372,16574,0.006003379
1373,19509,0.004966938
1374,19509,0.004966938
1375,19407,0.004828155
1376,20275,0.0048582
1377,20376,0.004632901
1378,20772,0.00468419
1379,19247,0.005096898
1380,18874,0.005245311
1381,18951,0.005165954
1382,18951,0.005165954
1383,12780,0.007323944
1384,15740,0.006048285
1385,19509,0.004931057
1386,17259,0.005660815
1387,17668,0.005507132
1388,18215,0.005385671
1389,18215,0.005385671
1390,22204,0.004445145
1391,21915,0.004494638
1392,20732,0.004775227
1393,17020,0.005752056
1394,20687,0.004775946
1395,19702,0.004999492
1396,22286,0.004424302
1397,18227,0.005453448
1398,17716,0.005463987
1399,17521,0.005696022
1400,21710,0.004491018
1401,19752,0.005032402
1402,21710,0.004491018
1403,19752,0.005032402
1404,21437,0.0045762
1405,18460,0.005222102
1406,18577,0.005199978
1407,22122,0.004357653
1408,19177,0.005021641
1409,20023,0.00470459
1410,19177,0.005021641
1411,20023,0.00470459
1412,20438,0.004765633
1413,22103,0.004456409
1414,20605,0.004790099
1415,21863,0.004363537
1416,19912,0.004675573
1417,19434,0.005063291
1418,19651,0.004941224
1419,19519,0.00510272
1420,19477,0.005113724
1421,19634,0.005021901
1422,20947,0.004487516
1423,20043,0.004934391
1424,18325,0.005369714
1425,18153,0.005409574
1426,21803,0.004430583
1427,17246,0.0055955
1428,20015,0.004951287
1429,20510,0.004773281
1430,19909,0.004922397
1431,21776,0.004527921
1432,21044,0.004656909
1433,20895,0.004747547
1434,20840,0.004587332
1435,17726,0.005551168
1436,21551,0.004519512
1437,19918,0.004839843
1438,12186,0.007615296
1439,20677,0.004787929
1440,19918,0.004839843
1441,12186,0.007615296
1442,20677,0.004787929
1443,19918,0.004839843
1444,12186,0.007615296
1445,20677,0.004787929
1446,18599,0.005209958
1447,18292,0.004865515
1448,18295,0.004995901
1449,18292,0.004865515
1450,18295,0.004995901
1451,16565,0.005952309
1452,15628,0.005483747
1453,16565,0.005952309
1454,15628,0.005483747
1455,19155,0.00504829
1456,20615,0.00475382
1457,20492,0.004367558
1458,25114,0.003826551
1459,22084,0.004333454
1460,22889,0.004246581
1461,15980,0.005763454
1462,23345,0.004210752
1463,15980,0.005763454
1464,23345,0.004210752
1465,19662,0.005030007
1466,18961,0.005089394
1467,19662,0.005030007
1468,18961,0.005089394
1469,19976,0.004875851
1470,19421,0.005128469
1471,18036,0.00535041
1472,19421,0.005128469
1473,18036,0.00535041
1474,16548,0.005535412
1475,15057,0.006389055
1476,15703,0.006291791
1477,16148,0.006056478
1478,20312,0.004672115
1479,18506,0.005322598
1480,21702,0.004497281
1481,18353,0.005307034
1482,17518,0.005674164
1483,15322,0.006356872
1484,16016,0.005825425
1485,18135,0.005398401
1486,17042,0.005768102
1487,16669,0.005945168
1488,18126,0.005390047
1489,16669,0.005945168
1490,18126,0.005390047
1491,15704,0.006164035
1492,14811,0.006461414
1493,16416,0.005994152
1494,17863,0.005379835
1495,18218,0.005439675
1496,17844,0.005430397
1497,20425,0.00478825
1498,18495,0.00522844
1499,20425,0.00478825
1500,18495,0.00522844
1501,16958,0.005714117
1502,17425,0.005629842
1503,16160,0.006126238
1504,16523,0.006040065
1505,16160,0.006126238
1506,16523,0.006040065
1507,15497,0.00642705
1508,15412,0.00515183
1509,17685,0.005467911
1510,17799,0.005584583
1511,18251,0.005391485
1512,16282,0.006098759
1513,18255,0.005384826
1514,16383,0.005951291
1515,16394,0.0058802
1516,18260,0.005312158
1517,15294,0.006015431
1518,15540,0.006332046
1519,17270,0.005634047
1520,19749,0.004987594
1521,17270,0.005634047
1522,19749,0.004987594
1523,19927,0.004933005
1524,18428,0.005323421
1525,18268,0.005397416
1526,19633,0.005006876
1527,18839,0.005154201
1528,20137,0.004921289
1529,21364,0.004619921
1530,17709,0.005579084
1531,20918,0.004718424
1532,22863,0.004321393
1533,20918,0.004718424
1534,22863,0.004321393
1535,20037,0.00494585
1536,17679,0.004474235
1537,19925,0.004923463
1538,18958,0.005121848
1539,20323,0.004900851
1540,20704,0.004772025
1541,19531,0.004997184
1542,19531,0.004997184
1543,20543,0.004794821
1544,18392,0.005404524
1545,17065,0.005719309
1546,18671,0.005189867
1547,16736,0.005258126
1548,18108,0.005467197
1549,16158,0.005959896
1550,14899,0.006201759
1551,16158,0.005959896
1552,14899,0.006201759
1553,18883,0.005020389
1554,19577,0.004827093
1555,17177,0.005763521
1556,15062,0.006353738
1557,16520,0.00592615
1558,16520,0.00592615
1559,17454,0.005677782
1560,17137,0.005695279
1561,19414,0.005120016
1562,17557,0.005678647
1563,16760,0.005889021
1564,14332,0.006698298
1565,15219,0.006373612
1566,22115,0.00437712
1567,19584,0.00479473
1568,19312,0.005079743
1569,20506,0.004832732
1570,11639,0.008342641
1571,17749,0.005436926
1572,18753,0.005295153
1573,14306,0.006878233
1574,19686,0.00492228
1575,18936,0.005164766
1576,19686,0.00492228
1577,18936,0.005164766
1578,16462,0.005904507
1579,18707,0.00532421
1580,20513,0.004826208
1581,15036,0.00641793
1582,18025,0.005542302
1583,13146,0.007424312
1584,18973,0.005059822
1585,13119,0.007462459
1586,17110,0.005645821
1587,16173,0.005855438
1588,19238,0.00507849
1589,19063,0.005130357
1590,18158,0.005468664
1591,17994,0.005379571
1592,21959,0.004476524
1593,19550,0.004997442
1594,19113,0.005184953
1595,20665,0.004819744
1596,18155,0.005359405
1597,21270,0.004692055
1598,15811,0.005597369
1599,17404,0.005636635
1600,17404,0.005636635
1601,19123,0.005177012
1602,20910,0.004677188
1603,13418,0.00721419
1604,16371,0.005906786
1605,21686,0.004606659
1606,17226,0.005619413
1607,19246,0.004982854
1608,20166,0.004532381
1609,21043,0.00474267
1610,20922,0.004703183
1611,21043,0.00474267
1612,20922,0.004703183
1613,15824,0.005965622
1614,18370,0.005209581
1615,19582,0.004917782
1616,19582,0.004917782
1617,19506,0.004988209
1618,19506,0.004988209
1619,20963,0.004369604
1620,17199,0.005604977
1621,18213,0.005320376
1622,16453,0.005713244
1623,17210,0.005676932
1624,18065,0.005469139
1625,20971,0.004582519
1626,20971,0.004582519
1627,18728,0.005307561
1628,18728,0.005307561
1629,16587,0.005974558
1630,19690,0.005033012
1631,18180,0.005462046
1632,20277,0.004867584
1633,20542,0.004751241
1634,20542,0.004751241
1635,20163,0.004825671
1636,15940,0.006148055
1637,19617,0.005021155
1638,18621,0.00517158
1639,19728,0.00476987
1640,16859,0.005801056
1641,20274,0.004730196
1642,20060,0.004825523
1643,21688,0.004495574
1644,19348,0.005034112
1645,21596,0.004588813
1646,18728,0.00492311
1647,20887,0.004711064
1648,18728,0.00492311
1649,20887,0.004711064
1650,20423,0.004749547
1651,21671,0.004397582
1652,18899,0.005243664
1653,19309,0.005132322
1654,19309,0.005132322
1655,14701,0.006598191
1656,17085,0.005144864
1657,21720,0.004396869
1658,21720,0.004396869
1659,21460,0.004659832
1660,20287,0.004741953
1661,21460,0.004659832
1662,20287,0.004741953
1663,21460,0.004659832
1664,20287,0.004741953
1665,19958,0.004734943
1666,18521,0.005307489
1667,18521,0.005307489
1668,19580,0.004984678
1669,19320,0.005036232
1670,14854,0.006220547
1671,21996,0.004505365
1672,14854,0.006220547
1673,21996,0.004505365
1674,21144,0.004559213
1675,21144,0.004559213
1676,21144,0.004559213
1677,17026,0.005808763
1678,18972,0.005255113
1679,22610,0.004104379
1680,18082,0.005331269
1681,19491,0.0050177
1682,18947,0.004940096
1683,19491,0.0050177
1684,18947,0.004940096
1685,15076,0.006546829
1686,14323,0.006360399
1687,18058,0.005366043
1688,18186,0.005372264
1689,21291,0.004621671
1690,21735,0.004508857
1691,21770,0.004437299
1692,19242,0.005176177
1693,19061,0.004884319
1694,22282,0.004259043
1695,19061,0.004884319
1696,22282,0.004259043
1697,20891,0.00456656
1698,20993,0.004558662
1699,20689,0.004693315
1700,20689,0.004693315
1701,20689,0.004693315
1702,11292,0.008076514
1703,19616,0.005077488
1704,19616,0.005077488
1705,20390,0.004796469
1706,20702,0.004704859
1707,21076,0.004739989
1708,20702,0.004704859
1709,21076,0.004739989
1710,20702,0.004704859
1711,21076,0.004739989
1712,15269,0.006490274
1713,15269,0.006490274
1714,20336,0.004578088
1715,20370,0.004855179
1716,13657,0.006853628
1717,19431,0.005100098
1718,17140,0.00546091
1719,18529,0.005251228
1720,18724,0.005308695
1721,17791,0.00528357
1722,17073,0.005810344
1723,19336,0.005063095
1724,21024,0.004599505
1725,19290,0.004790047
1726,19336,0.005063095
1727,21024,0.004599505
1728,19290,0.004790047
1729,19336,0.005063095
1730,21024,0.004599505
1731,19290,0.004790047
1732,18034,0.005528446
1733,19066,0.004898773
1734,18742,0.005239569
1735,19016,0.005143037
1736,18742,0.005239569
1737,19016,0.005143037
1738,16761,0.005805143
1739,16288,0.005850933
1740,17811,0.00547976
1741,19069,0.005144475
1742,19069,0.005144475
1743,18351,0.005373004
1744,14455,0.006828087
1745,18399,0.005304636
1746,16928,0.005635633
1747,13994,0.006702873
1748,17455,0.005471212
1749,18031,0.005346348
1750,21341,0.004601471
1751,20388,0.004738081
1752,20388,0.004738081
1753,17938,0.005418664
1754,22384,0.004369192
1755,18744,0.005116304
1756,22384,0.004369192
1757,18744,0.005116304
1758,21089,0.004727583
1759,21884,0.004409614
1760,21089,0.004727583
1761,21884,0.004409614
1762,21089,0.004727583
1763,21884,0.004409614
1764,19435,0.005037304
1765,16625,0.005780451
1766,18640,0.005021459
1767,18189,0.005283413
1768,18640,0.005021459
1769,18189,0.005283413
1770,16528,0.00589908
1771,17428,0.005089511
1772,17809,0.005519681
1773,18695,0.005193902
1774,17809,0.005519681
1775,18695,0.005193902
1776,13581,0.007348502
1777,19025,0.005172142
1778,16831,0.005846355
1779,13078,0.007562318
1780,13078,0.007562318
1781,19368,0.005044403
1782,18915,0.00518636
1783,19368,0.005044403
1784,18915,0.00518636
1785,18023,0.005115686
1786,18098,0.005370759
1787,16177,0.005959078
1788,18098,0.005370759
1789,16177,0.005959078
1790,18098,0.005370759
1791,16177,0.005959078
1792,20310,0.004731659
1793,16365,0.005878399
1794,18346,0.00510738
1795,18826,0.004987783
1796,15049,0.006545285
1797,15063,0.006612229
1798,18899,0.004968517
1799,18899,0.004968517
1800,21644,0.004574016
1801,20023,0.004929331
1802,20603,0.004829394
1803,22139,0.004394959
1804,20434,0.004820397
1805,22042,0.004296343
1806,18093,0.005510418
1807,20581,0.004790826
1808,17911,0.005560829
1809,19875,0.004991195
1810,22844,0.004346874
1811,19644,0.005049888
1812,22577,0.004380564
1813,24716,0.004005503
1814,19405,0.005081165
1815,22608,0.004334749
1816,24069,0.004146412
1817,22608,0.004334749
1818,24069,0.004146412
1819,22608,0.004334749
1820,24069,0.004146412
1821,22608,0.004334749
1822,24069,0.004146412
1823,16738,0.005711555
1824,21701,0.004562002
1825,17632,0.005586434
1826,21082,0.004605825
1827,22904,0.004348585
1828,20510,0.004802535
1829,22907,0.00434365
1830,22120,0.004457505
1831,22120,0.004457505
1832,22120,0.004457505
1833,27743,0.003254875
1834,18026,0.005358926
1835,18026,0.005358926
1836,23475,0.004225772
1837,23066,0.00427469
1838,19280,0.005
1839,19712,0.004885349
1840,20077,0.004916073
1841,17122,0.005536736
1842,21670,0.004513152
1843,20104,0.004889574
1844,20499,0.004829504
1845,17421,0.005533551
1846,22411,0.004337156
1847,22151,0.004442237
1848,22411,0.004337156
1849,22151,0.004442237
1850,22411,0.004337156
1851,22151,0.004442237
1852,16339,0.005930596
1853,14999,0.005760384
1854,17531,0.005584393
1855,19525,0.004891165
1856,18851,0.005251711
1857,19158,0.005141455
1858,19775,0.004576485
1859,19158,0.005141455
1860,19775,0.004576485
1861,23080,0.004289428
1862,23080,0.004289428
1863,21636,0.004612683
1864,21636,0.004612683
1865,20628,0.00480415
1866,22513,0.004339715
1867,17858,0.005459738
1868,20966,0.004698083
1869,20472,0.004840758
1870,19795,0.00502147
1871,16635,0.005620679
1872,19940,0.00501003
1873,20972,0.004672897
1874,22225,0.004427447
1875,23155,0.004266897
1876,21918,0.004462086
1877,20972,0.004672897
1878,22225,0.004427447
1879,23155,0.004266897
1880,21918,0.004462086
1881,20972,0.004672897
1882,22225,0.004427447
1883,23155,0.004266897
1884,21918,0.004462086
1885,20972,0.004672897
1886,22225,0.004427447
1887,23155,0.004266897
1888,21918,0.004462086
1889,19501,0.005030511
1890,19501,0.005030511
1891,21083,0.004705213
1892,20451,0.004855508
1893,21625,0.004531792
1894,20920,0.004660612
1895,16988,0.005686367
1896,21118,0.004687944
1897,18729,0.005269902
1898,14465,0.006560664
1899,17664,0.005593297
1900,16664,0.005400864
1901,18928,0.005019019
1902,21343,0.004512018
1903,18928,0.005019019
1904,21343,0.004512018
1905,17381,0.005632587
1906,19239,0.005083424
1907,19161,0.005203277
1908,21040,0.004420152
1909,22751,0.00427234
1910,23983,0.004086228
1911,22934,0.004281852
1912,26200,0.003625954
1913,22679,0.004215353
1914,23720,0.004097808
1915,26200,0.003625954
1916,22679,0.004215353
1917,23720,0.004097808
1918,26200,0.003625954
1919,22679,0.004215353
1920,23720,0.004097808
1921,26200,0.003625954
1922,22679,0.004215353
1923,23720,0.004097808
1924,19271,0.004997146
1925,28487,0.002713518
1926,19271,0.004997146
1927,28487,0.002713518
1928,19271,0.004997146
1929,28487,0.002713518
1930,20246,0.004796009
1931,21567,0.004530069
1932,21786,0.004369779
1933,21750,0.004551724
1934,21786,0.004369779
1935,21750,0.004551724
1936,24924,0.003972075
1937,22591,0.004346864
1938,22591,0.004346864
1939,19928,0.004852469
1940,21156,0.004703157
1941,20847,0.004686526
1942,17450,0.005570201
1943,17112,0.005399719
1944,21064,0.004272693
1945,21257,0.004563203
1946,21257,0.004563203
1947,19389,0.004920316
1948,21103,0.004700753
1949,19295,0.005120498
1950,20956,0.00433766
1951,20880,0.004506705
1952,21546,0.004576255
1953,23543,0.004196576
1954,21546,0.004576255
1955,23543,0.004196576
1956,21546,0.004576255
1957,23543,0.004196576
1958,19928,0.004962866
1959,22854,0.004344972
1960,24516,0.003948442
1961,17189,0.005259177
1962,20760,0.004744701
1963,16387,0.00582779
1964,21736,0.004545455
1965,21736,0.004545455
1966,21165,0.004450744
1967,18988,0.005192753
1968,21298,0.004516856
1969,18787,0.005232342
1970,18787,0.005232342
1971,14662,0.006486155
1972,18559,0.00511881
1973,17073,0.005798629
1974,20043,0.004849573
1975,18624,0.005068729
1976,19953,0.004911542
1977,21710,0.004306771
1978,21728,0.004514912
1979,19109,0.00505521
1980,21728,0.004514912
1981,19109,0.00505521
1982,20426,0.004694997
1983,21858,0.004483484
1984,22173,0.00446489
1985,22488,0.004188901
1986,22173,0.00446489
1987,22488,0.004188901
1988,22000,0.004527273
1989,22000,0.004527273
1990,21501,0.004288173
1991,18559,0.005328951
1992,20994,0.00468229
1993,22506,0.004292189
1994,20650,0.004828087
1995,20981,0.004713789
1996,21613,0.004525054
1997,20981,0.004713789
1998,21613,0.004525054
1999,20981,0.004713789
2000,21613,0.004525054
2001,22191,0.004461268
2002,21184,0.004531722
2003,22191,0.004461268
2004,21184,0.004531722
2005,21015,0.004472995
2006,20296,0.004838392
2007,18021,0.005282726
2008,19513,0.005058166
2009,19090,0.005075956
2010,20715,0.004755008
2011,20481,0.004731214
2012,20715,0.004755008
2013,20481,0.004731214
2014,19187,0.005180591
2015,20184,0.004939556
2016,21714,0.004467164
2017,19284,0.00513379
2018,21247,0.004522991
2019,22313,0.004445839
2020,21247,0.004522991
2021,22313,0.004445839
2022,18609,0.005029824
2023,20876,0.004747078
2024,16742,0.005877434
2025,17500,0.00532
2026,20658,0.004734243
2027,17160,0.005559441
2028,18469,0.00539282
2029,17124,0.005576968
2030,20647,0.004688332
2031,21980,0.004408553
2032,20647,0.004688332
2033,21980,0.004408553
2034,22629,0.004140704
2035,21524,0.004608809
2036,19108,0.00477287
2037,20209,0.004829531
2038,19698,0.005051274
2039,20890,0.00469124
2040,19182,0.005108956
2041,19586,0.004962728
2042,19182,0.005108956
2043,19586,0.004962728
2044,21245,0.00465992
2045,18903,0.005253134
2046,20211,0.004838949
2047,21245,0.00465992
2048,18903,0.005253134
2049,20211,0.004838949
2050,21245,0.00465992
2051,18903,0.005253134
2052,20211,0.004838949
2053,21245,0.00465992
2054,18903,0.005253134
2055,20211,0.004838949
2056,19242,0.005150192
2057,18674,0.005274714
2058,20892,0.004743442
2059,19085,0.005213518
2060,19380,0.00506192
2061,19395,0.005027069
2062,19285,0.00514908
2063,20533,0.004758194
2064,20691,0.00477019
2065,20140,0.004816286
2066,22335,0.004445937
2067,22557,0.004273618
2068,20123,0.004830294
2069,22731,0.004280498
2070,23589,0.004192632
2071,21732,0.004546291
2072,23589,0.004192632
2073,21732,0.004546291
2074,19693,0.005072869
2075,24163,0.004043372
2076,24163,0.004043372
2077,17570,0.00569152
2078,19829,0.00470523
2079,17300,0.005612717
2080,18578,0.00518355
2081,21969,0.004365242
2082,18459,0.005346985
2083,21969,0.004365242
2084,18459,0.005346985
2085,17657,0.005561534
2086,19528,0.005044039
2087,15822,0.006073821
2088,19163,0.005020091
2089,21191,0.004501911
2090,19287,0.004967076
2091,19870,0.004962255
2092,17979,0.005406307
2093,19546,0.005003581
2094,19546,0.005003581
2095,15868,0.006056214
2096,15061,0.006493593
2097,16865,0.00571005
2098,18244,0.005322298
2099,18517,0.005076416
2100,15713,0.006135047
2101,14723,0.006418529
2102,19952,0.004896752
2103,14318,0.006600084
2104,15282,0.006039785
2105,14050,0.00627758
2106,15239,0.006325874
2107,20650,0.004736077
2108,18609,0.005303885
2109,18045,0.005441951
2110,18045,0.005441951
2111,20591,0.004579671
2112,16818,0.005904388
2113,18644,0.005127655
2114,20576,0.004767691
2115,19591,0.005007401
2116,20847,0.004600182
2117,16957,0.005802913
2118,19280,0.005114108
2119,20195,0.004813073
2120,22199,0.004477679
2121,15741,0.006257544
2122,14807,0.00627406
2123,11961,0.007357244
2124,19266,0.005091872
2125,18187,0.00540496
2126,22743,0.004357385
2127,21280,0.004628759
2128,21280,0.004628759
2129,21355,0.004575041
2130,16992,0.005796846
2131,16992,0.005796846
2132,20204,0.004880222
2133,20616,0.004763291
2134,22868,0.004237362
2135,18246,0.005414885
2136,15968,0.006143537
2137,19893,0.004921329
2138,21381,0.00447126
2139,23333,0.004208632
2140,21381,0.00447126
2141,23333,0.004208632
2142,20597,0.004777395
2143,20597,0.004777395
2144,24614,0.003993662
2145,22846,0.004263328
2146,22846,0.004263328
2147,20152,0.004917626
2148,18396,0.005365297
2149,19033,0.005180476
2150,18279,0.005366814
2151,21502,0.004580969
2152,14188,0.00692839
2153,20305,0.004855947
2154,18445,0.00530225
2155,18445,0.00530225
2156,18445,0.00530225
2157,21922,0.004365478
2158,20258,0.004872149
2159,20258,0.004872149
2160,18168,0.00535557
2161,20873,0.004575289
2162,19525,0.004896287
2163,20520,0.004639376
2164,19717,0.004960187
2165,19832,0.004956636
2166,20112,0.004942323
2167,18626,0.005309782
2168,19373,0.005001807
2169,18756,0.005272979
2170,16533,0.005891248
2171,15857,0.006262219
2172,12981,0.007318388
2173,15237,0.006247949
2174,20740,0.004633558
2175,20364,0.004827146
2176,16095,0.005560733
2177,18538,0.00527565
2178,20276,0.004774117
2179,16330,0.005958359
2180,16500,0.005624242
2181,20128,0.004933426
2182,18355,0.005257423
2183,16303,0.005919156
2184,18844,0.005168754
2185,17249,0.005704679
2186,15880,0.006020151
2187,14657,0.006658934
2188,15456,0.006418219
2189,20775,0.004741276
2190,20633,0.004512189
2191,19829,0.004906954
2192,20633,0.004512189
2193,19829,0.004906954
2194,16110,0.006114215
2195,16035,0.006167758
2196,18258,0.005164859
2197,17552,0.005309936
2198,13947,0.007091131
2199,19887,0.005023382
2200,17969,0.005398186
2201,19887,0.005023382
2202,17969,0.005398186
2203,15453,0.00618003
2204,14890,0.006178643
2205,16019,0.006173918
2206,16188,0.006029157
2207,16019,0.006173918
2208,16188,0.006029157
2209,15662,0.006231643
2210,21706,0.00437667
2211,22551,0.004323533
2212,24090,0.004059776
2213,23698,0.004059414
2214,23725,0.004172813
2215,22326,0.004385022
2216,22744,0.00422529
2217,22314,0.004382899
2218,22121,0.00450703
2219,21118,0.004493797
2220,22746,0.00435681
2221,21182,0.00457936
2222,13695,0.007104783
2223,17165,0.005691815
2224,21252,0.004672501
2225,18847,0.005242214
2226,15520,0.006417526
2227,19042,0.005094003
2228,19042,0.005094003
2229,13222,0.007132053
2230,19597,0.004766036
2231,18641,0.005203583
2232,20713,0.004639598
2233,22707,0.004249791
2234,23063,0.003941378
2235,22707,0.004249791
2236,23063,0.003941378
2237,21188,0.004455352
2238,16794,0.005775872
2239,21188,0.004455352
2240,16794,0.005775872
2241,21188,0.004455352
2242,16794,0.005775872
2243,22032,0.004443537
2244,22813,0.004295796
2245,22556,0.004260507
2246,22058,0.004474567
2247,25480,0.003779435
2248,21462,0.004393812
2249,21399,0.004121688
2250,21576,0.004588432
2251,21317,0.004531595
2252,20369,0.004688497
2253,21317,0.004531595
2254,20369,0.004688497
2255,20557,0.004820742
2256,20745,0.004695107
2257,24703,0.003930697
2258,22227,0.004202097
2259,23431,0.004118476
2260,27020,0.003171725
2261,19807,0.004988136
2262,17760,0.005326577
2263,21166,0.004658414
2264,23002,0.004251804
2265,22608,0.004250708
2266,20831,0.004541309
2267,21268,0.004570246
2268,22635,0.004356086
2269,22207,0.004435538
2270,12511,0.007737191
2271,19740,0.004908815
2272,20248,0.004790597
2273,20997,0.004748297
2274,21812,0.004359985
2275,21812,0.004359985
2276,22870,0.004053345
2277,21784,0.004452809
2278,21628,0.00442482
2279,21212,0.004506883
2280,21212,0.004506883
2281,23328,0.004243827
2282,17108,0.005786766
2283,23328,0.004243827
2284,17108,0.005786766
2285,23281,0.00419226
2286,22487,0.004269133
2287,24772,0.003927822
2288,20849,0.004647705
2289,26604,0.00357465
2290,20075,0.0049066
2291,19934,0.004931273
2292,20688,0.004780549
2293,21419,0.004654746
2294,20209,0.004720669
2295,15059,0.006580782
2296,21946,0.004542969
2297,22562,0.00441007
2298,21946,0.004542969
2299,22562,0.00441007
2300,20568,0.004750097
2301,19205,0.004842489
2302,20875,0.004651497
2303,21218,0.004543312
2304,20875,0.004651497
2305,21218,0.004543312
2306,17699,0.005587886
2307,23698,0.004025656
2308,23698,0.004025656
2309,21780,0.004559229
2310,19362,0.005035637
2311,17026,0.005538588
2312,16619,0.005626091
2313,17663,0.004789673
2314,19276,0.005078855
2315,19689,0.004825029
2316,18024,0.005326232
2317,18613,0.005189921
2318,21197,0.004368543
2319,17993,0.005418774
2320,17631,0.005422268
2321,16537,0.006034952
2322,21940,0.004412033
2323,18454,0.005212962
2324,22130,0.00449164
2325,21463,0.004286446
2326,18606,0.004600666
2327,14952,0.006547619
2328,14952,0.006547619
2329,17980,0.005333704
2330,16463,0.005442507
2331,17325,0.005148629
2332,19845,0.004872764
2333,24016,0.004051466
2334,19454,0.004898735
2335,24519,0.003788898
2336,25908,0.003531728
2337,21994,0.004378467
2338,19627,0.004865746
2339,21994,0.004378467
2340,19627,0.004865746
2341,21357,0.004495013
2342,23184,0.004162353
2343,22171,0.004339001
2344,22704,0.004285588
2345,25077,0.003919927
2346,22704,0.004285588
2347,25077,0.003919927
2348,18388,0.005367631
2349,22152,0.004396894
2350,19685,0.00483617
2351,19685,0.00483617
2352,20892,0.004657285
2353,21121,0.004587851
2354,18879,0.00504264
2355,15889,0.00567059
2356,16312,0.00564002
2357,15958,0.006047124
2358,16650,0.005861862
2359,19620,0.004979613
2360,20633,0.004783599
2361,21053,0.004626419
2362,21737,0.004559047
2363,20633,0.004783599
2364,21053,0.004626419
2365,21737,0.004559047
2366,20633,0.004783599
2367,21053,0.004626419
2368,21737,0.004559047
2369,15238,0.00563066
2370,18651,0.004884457
2371,18651,0.004884457
2372,19522,0.005081447
2373,18502,0.005275105
2374,15383,0.00542807
2375,18465,0.005312754
2376,16231,0.006062473
2377,21297,0.004531155
2378,17799,0.005326142
2379,17934,0.005464481
2380,14820,0.006126856
2381,20115,0.004817301
2382,20115,0.004817301
2383,20527,0.004827788
2384,20178,0.004817128
2385,17834,0.005534373
2386,22158,0.004228721
2387,20902,0.004731605
2388,20623,0.004766523
2389,19478,0.005087791
2390,16838,0.00570139
2391,16803,0.005439505
2392,16838,0.00570139
2393,16803,0.005439505
2394,19004,0.004835824
2395,19004,0.004835824
2396,20812,0.004742456
2397,20812,0.004742456
2398,15542,0.005700682
2399,22762,0.004331781
2400,14655,0.006434664
2401,16740,0.005800478
2402,20821,0.004692378
2403,19364,0.00507643
2404,20397,0.004780115
2405,20397,0.004780115
2406,21619,0.004514547
2407,21086,0.004671346
2408,13442,0.005966374
2409,19297,0.00510442
2410,19086,0.004815048
2411,18286,0.004998359
2412,18539,0.005318518
2413,21260,0.004614299
2414,20638,0.004801822
2415,20638,0.004801822
2416,20992,0.004668445
2417,17692,0.004595297
2418,20099,0.004522613
2419,19471,0.004730111
2420,18587,0.00514876
2421,20034,0.004851752
2422,18383,0.005379971
2423,17112,0.005481533
2424,18532,0.005164041
2425,18444,0.00534049
2426,18444,0.00534049
2427,17813,0.005557739
2428,20472,0.004708871
2429,20730,0.004756392
2430,17976,0.005179128
2431,21304,0.004496808
2432,17976,0.005179128
2433,21304,0.004496808
2434,21482,0.00461782
2435,20171,0.004878291
2436,18604,0.005133305
2437,18624,0.005229811
2438,15976,0.00604657
2439,18448,0.00532307
2440,18785,0.005232899
2441,18579,0.005355509
2442,18579,0.005355509
2443,16185,0.006061168
2444,15961,0.006246476
2445,17229,0.005554588
2446,19024,0.00519344
2447,20980,0.004513823
2448,16363,0.005714111
2449,19505,0.004865419
2450,13981,0.007109649
2451,17293,0.005684381
2452,19156,0.00510545
2453,16533,0.006000121
2454,16277,0.006020765
2455,15587,0.006235966
2456,17911,0.005460332
2457,17911,0.005460332
2458,17788,0.005548685
2459,19834,0.005016638
2460,19921,0.00496963
2461,20153,0.004753635
2462,21823,0.004541081
2463,17164,0.00568632
2464,17164,0.00568632
2465,16573,0.005635672
2466,18828,0.005199703
2467,17446,0.005588674
2468,15937,0.005810378
2469,17861,0.005447623
2470,21025,0.004627824
2471,18510,0.005353863
2472,21025,0.004627824
2473,18510,0.005353863
2474,21025,0.004627824
2475,18510,0.005353863
2476,14154,0.00676134
2477,15065,0.006405576
2478,18841,0.005243883
2479,15660,0.006206897
2480,17242,0.005666396
2481,12941,0.00727919
2482,15517,0.006360766
2483,15940,0.006148055
2484,19050,0.005133858
2485,19197,0.005167474
2486,19050,0.005133858
2487,19197,0.005167474
2488,19542,0.004861324
2489,15532,0.00629024
2490,14578,0.006358897
2491,14381,0.006710243
2492,17035,0.005776343
2493,17631,0.005456299
2494,15944,0.006240592
2495,15269,0.00627415
2496,20138,0.004881319
2497,19307,0.004915316
2498,17343,0.005581503
2499,16408,0.005546075
2500,19274,0.004934108
2501,19586,0.00490146
2502,24167,0.004042703
2503,18993,0.00511241
2504,14743,0.006531913
2505,19029,0.005081717
2506,15761,0.006090984
2507,16419,0.005639808
2508,15184,0.006487092
2509,19910,0.004932195
2510,16567,0.005999879
2511,19910,0.004932195
2512,16567,0.005999879
2513,19088,0.005123638
2514,17088,0.005588717
2515,19088,0.005123638
2516,17088,0.005588717
2517,16026,0.006077624
2518,16737,0.005634224
2519,19501,0.004399774
2520,15274,0.005931649
2521,16994,0.005719666
2522,18578,0.005075896
2523,16492,0.005742178
2524,19112,0.005185224
2525,19107,0.004972
2526,19767,0.004988111
2527,18802,0.00514307
2528,18989,0.005087156
2529,20359,0.004793949
2530,24552,0.004003747
2531,19374,0.005032518
2532,24843,0.003997102
2533,19374,0.005032518
2534,24843,0.003997102
2535,19906,0.00493821
2536,17171,0.005678178
2537,18918,0.00506396
2538,17326,0.005500404
2539,15736,0.006202339
2540,18342,0.005359285
2541,17671,0.005574104
2542,19513,0.004955671
2543,15980,0.0059199
2544,17388,0.005567058
2545,17619,0.00558488
2546,19707,0.004830771
2547,15298,0.006124984
2548,20362,0.004763776
2549,18700,0.005165775
2550,16344,0.005451542
2551,16843,0.005770943
2552,17120,0.005706776
2553,16269,0.006097486
2554,17494,0.005276095
2555,19173,0.005007041
2556,17790,0.005424396
2557,19173,0.005007041
2558,17790,0.005424396
2559,23326,0.004115579
2560,19202,0.005025518
2561,18274,0.005406589
2562,17134,0.005696276
2563,19897,0.004955521
2564,19319,0.005046845
2565,17955,0.005396825
2566,19319,0.005046845
2567,17955,0.005396825
2568,14917,0.006301535
2569,19676,0.004970522
2570,18169,0.005366283
2571,14917,0.006301535
2572,19676,0.004970522
2573,18169,0.005366283
2574,14917,0.006301535
2575,19676,0.004970522
2576,18169,0.005366283
2577,13087,0.007580041
2578,14375,0.006824348
2579,13849,0.006982454
2580,14195,0.006861571
